question,answer,category
What is gestational diabetes?,Gestational diabetes is high blood sugar during pregnancy caused by insulin-blocking hormones from the placenta. It can lead to complications for both the mother and baby.(Read More- https://www.healthline.com/health/diabetes),health_conditions
"What is asthma, and how does it affect the body?","Asthma is an inflammatory disease that affects the airways to the lungs, making breathing difficult. It causes swelling in the airway lining, tightening of surrounding muscles, and the buildup of mucus, which restricts airflow and can trigger coughing, wheezing, and chest tightness.(Read More- https://www.healthline.com/health/asthma)",health_conditions
What are the symptoms of heart disease?,"Symptoms vary by type but often include chest pain, shortness of breath, fatigue, irregular heartbeats, and dizziness.(Read More - https://www.healthline.com/health/heart-disease)",health_conditions
Where did COVID-19 come from?,"COVID-19 is widely believed to have originated from an animal, likely transmitted at a food market in Wuhan, China. However, some experts consider a 21% chance it could have resulted from a research-related accident.(Read More -https://www.healthline.com/health/coronavirus-covid-19)",health_conditions
What is the purpose of chemotherapy?,"The purpose of chemotherapy is to lower the total number of cancer cells in your body, reduce the likelihood of cancer spreading, shrink tumor size, and alleviate current symptoms. It can also be used to ensure any remaining cancer cells are killed after surgery, prepare you for other treatments like radiation therapy, and relieve pain in late-stage cancer. Additionally, chemotherapy may help people with bone marrow diseases prepare for stem cell treatments and assist in managing disorders where the immune system attacks healthy cells, such as lupus or rheumatoid arthritis.(Read More- https://www.healthline.com/health/chemotherapy)",treatments
"Is metformin used for PCOS or fertility problems? If so, what’s the dosage?","Metformin is not approved to treat polycystic ovary syndrome (PCOS) or fertility issues. However, it is sometimes used off-label for these conditions due to its ability to reduce insulin resistance, which can improve symptoms like irregular periods and fertility problems. Consult your doctor to explore this option and determine the appropriate dosage.(Read More- https://www.healthline.com/health/drugs/metformin-oral-tablet#_noHeaderPrefixedContent)",treatments
What are the common side effects of Imipramine?,"Common side effects of Imipramine include drowsiness, dry mouth, constipation, blurred vision, and weight gain.(Read More- https://www.healthline.com/health/drugs/imipramine-oral-tablet)",treatments
Are there natural remedies for insomnia?,"Natural remedies for insomnia include drinking warm milk or herbal teas like chamomile, practicing meditation to reduce stress, and using essential oils such as lavender or chamomile for relaxation. Acupuncture is another option that might help ease symptoms. Always consult a healthcare professional before starting new treatments.(Read More-https://www.healthline.com/health/insomnia)",treatments
What are the benefits of regular exercise?,"Regular exercise offers a multitude of benefits, including improved mood, enhanced energy levels, and better weight management. It strengthens muscles and bones, reduces the risk of chronic diseases like diabetes and heart disease, and boosts brain function and memory. Additionally, regular physical activity can improve skin health, promote better sleep, and help manage chronic pain. Overall, incorporating exercise into your routine contributes significantly to both physical and mental well-being.(Read More- https://www.healthline.com/nutrition/10-benefits-of-exercise)",lifestyle_advice
What are some essential steps for a basic skincare routine that everyone should follow?,"The foundation of a basic skincare routine involves three key steps: cleansing, moisturizing, and sun protection. Cleansing removes dirt, oil, and impurities from the skin’s surface, helping to prevent breakouts and maintain a clear complexion. Moisturizing replenishes hydration, keeping the skin soft and supple. Sun protection is essential to shield the skin from harmful UV rays, which can cause premature aging and increase the risk of skin cancer. Incorporating these steps into your daily regimen can significantly improve skin health and appearance.(Read More- https://www.healthline.com/skincare)",lifestyle_advice
What are some effective stress management techniques?,"Effective stress management techniques include lower stress levels, consider incorporating regular exercise, listening to music, practicing yoga and meditation, and deep breathing exercises into your routine. Additionally, cutting back on obligations, cuddling a pet, and ensuring you get enough sleep can also be effective. Prioritizing these activities can help create a balanced lifestyle and promote overall well-being.(Read More- https://www.healthline.com/health/stress",lifestyle_advice
Can drinking lots of water reduce cholesterol?,"Drinking more water may help reduce cholesterol levels, as studies suggest a modest effect on lowering total cholesterol and LDL cholesterol. However, more research is needed to confirm these findings.(Read More-https://www.ncbi.nlm.nih.gov/pmc/articles/PMC8485913/",lifestyle_advice
What are some recommendations for maintaining a healthy lifestyle?,"Exercising regularly, eating nourishing foods, and reducing your intake of sugar and alcohol are just some of the recommendations for maintaining a healthy lifestyle. Taking care of your health is arguably the most important thing you can do for yourself and your loved ones.(Read More- https://www.healthline.com/health/how-to-maintain-a-healthy-lifestyle)",lifestyle_advice
What are some recommended extra-firm mattresses for better sleep?,"Highly recommended extra-firm mattresses include the Saatva Classic Mattress, known for its durable construction and excellent support; the Purple Mattress, praised for its innovative hyper-elastic polymer grid that offers both firmness and pressure relief; and the Tempur-Pedic TEMPUR-ProAdapt, which provides exceptional firmness while conforming to the body for comfort and support.(Read More-https://www.healthline.com/health/healthy-sleep/best-extra-firm-mattresses)",product_reviews
"How effective are fitness trackers, such as Fitbit models, for health monitoring?","Fitness trackers, including Fitbit models like the Charge 5 and Versa 4, effectively monitor activity, heart rate, and sleep. They offer valuable insights for tracking fitness goals and overall health but should be used alongside professional medical advice for the most accurate health management.(Read More-https://www.healthline.com/nutrition/best-fitbit#1)",product_reviews
What are some of the best sustainable activewear brands?,"Some of the best sustainable activewear brands include Patagonia, prAna, and Girlfriend Collective. These brands focus on using eco-friendly materials, ethical manufacturing processes, and reducing their overall environmental impact.(Read More-https://www.healthline.com/health/fitness/best-sustainable-activewear-brands#sustainable-fashion)",product_reviews
Are there any recommended supplements for joint health?,"Joint supplements, such as glucosamine, chondroitin, and omega-3 fatty acids, may help reduce joint pain and improve mobility. They can be beneficial for managing symptoms of osteoarthritis and other joint conditions, but their effectiveness varies among individuals. Consulting with a healthcare provider is recommended to determine the best approach for joint health.(Read More-https://www.healthline.com/health/joint-supplements)",product_reviews
Do you offer personalized meal plans?,"Yes, eMeals is a meal planning service application that provides all the tools you need to prepare and enjoy more healthy, home-cooked meals each week. Using the app, you can create a custom meal plan by mixing and matching your favorite recipes. eMeals provides personalized meal plans based on dietary preferences and goals. Users can select from various meal plan options, including low-carb, keto, vegan, and more, tailored to their specific needs and tastes.(Read More-https://www.healthline.com/nutrition/emeals-review#1)",product_reviews
What are some top-rated CBD gummies?,"Some top-rated CBD gummies include Charlotte's Web CBD Gummies, praised for their quality and effectiveness in managing stress and sleep; Green Roads Relax Bears, valued for their broad-spectrum CBD and relaxing properties; and Hemp Bombs CBD Gummies, known for their potency and variety, making them a popular choice for pain and anxiety relief.(Read More- https://www.healthline.com/cbd/best-cbd-gummies#best-cbd-gummies)",product_reviews
What services does Healthline provide?,"Healthline provides a range of health-related services, including expert-reviewed health information, wellness advice, and product recommendations. Their goal is to offer trustworthy and evidence-based content that helps people make informed health decisions. Healthline's content covers a wide array of topics such as medical conditions, nutrition, mental health, and fitness, and is created by a team of medical professionals and editorial experts to ensure accuracy and relevance. They also offer tools and resources to support users in managing their health effectively.(Read More-https://www.healthline.com/about/about-us)",services_offered
How can I contact Healthline for support?,"You can contact Healthline for support through their contact page, by emailing support@healthline.com, or via their social media profiles.(Read More-https://www.healthline.com/about/contact-us)",services_offered
Does Healthline offer telehealth services?,"Healthline does provide information on telehealth services but does not offer telehealth consultations directly. For telehealth services, they recommend various telemedicine companies listed in their guide.(Read More-https://www.healthline.com/health/best-telemedicine-companies)",services_offered
Does Healthline share my personal information?,"Healthline’s privacy policy outlines that they may share your personal information with third-party service providers for operational purposes, but they do not sell your information. They implement measures to ensure your data is protected and used in compliance with applicable privacy laws. For detailed information, refer to their full privacy policy.(Read More-https://www.healthline.com/about/privacy-policy).",services_offered
What is Healthline’s mission?,"Healthline’s mission is to improve health and well-being through accurate, accessible, and actionable health information. They aim to empower people to make informed health decisions by providing reliable content and connecting them with trusted experts and resources.(Read More-https://www.healthline.com/about/about-us)",company_information
Where is Healthline headquartered?,"Healthline Media, Inc. is an American website and provider of health information headquartered in San Francisco, California. It was founded in 1999, and purchased by Red Ventures in 2019.(Read More-https://en.wikipedia.org/wiki/Healthline#:~:text=Healthline%20Media%2C%20Inc.%20is%20an,by%20Red%20Ventures%20in%202019.)",company_information
How can I apply for a job at Healthline?,Job applications can be submitted through the Healthline careers page on their website.(Read More-https://www.rvohealth.com/careers),company_information
Why Bezzy?,"Our name is derived from the British English word for a person’s best or closest friend. Inspired by the transformative nature of friendship, Bezzy brings new meaning to the word “community”, we strive to cultivate a space where everyone feels seen, valued, and understood. Much like the relationship you have with your best friend, it’s a place where there is shared vulnerability, and most importantly a space where you can thrive.(Read More-https://www.healthline.com/health/bezzy-psoriasis-frequently-asked-questions)",faqs
Is my data secure?,Yes. We are committed to protecting your information and will never share or disclose your personal information with any third-party. You can read our full Privacy Policy in your account settings.(Read More-https://www.healthline.com/health/bezzy-psoriasis-frequently-asked-questions#Overview),faqs
What is Healthline?,"Healthline Media is the top ranked health publisher and number 44 on Comscore’s Top 100 Property rankings. Across all of its properties, Healthline Media each month publishes up to 1,000 scientifically accurate yet reader-friendly articles authored by more than 120 writers and reviewed by more than 100 doctors, clinicians, nutritionists, and other experts. The company’s repository contains more than 70,000 articles, each updated with current protocol. More than 200 million people worldwide and 86 million people in the U.S. visit Healthline’s sites each month, according to Google Analytics and Comscore, respectively.(Read More-https://www.healthline.com/health/bezzy-psoriasis-frequently-asked-questions#Overview)",faqs
Where can I leave suggestions or feedback?,"Here’s how to send us any question, suggestion, or feedback: Tap on the profile icon at the top left of your screen. Tap on the gear icon at the top right of your screen. Scroll down and tap on the “Tell us what you think” option.(Read More-https://www.healthline.com/health/bezzy-psoriasis-frequently-asked-questions#feedback)",faqs
